code,system
32E4.00,readv2
6336,readv2
57062,readv2
793Gy00,readv2
7927500,readv2
7A56400,readv2
793G.00,readv2
7A6H400,readv2
7928z00,readv2
7928300,readv2
7A6H300,readv2
7A6G100,readv2
7928.11,readv2
7A54000,readv2
7928000,readv2
793Gz00,readv2
7928200,readv2
7928100,readv2
793G300,readv2
7928y00,readv2
7929000,readv2
14A5.00,readv2
G33z.00,readv2
G33..00,readv2
G33zz00,readv2
I201,readv2
7925300,readv2
7925,readv2
792B000,readv2
7925z00,readv2
7921300,readv2
7925y00,readv2
7921000,readv2
7921100,readv2
792Cz00,readv2
792C000,readv2
792Dz00,readv2
792D.00,readv2
SP00300,readv2
793G000,readv2
7929400,readv2
7929500,readv2
793G100,readv2
793G200,readv2
7922z00,readv2
7922300,readv2
7922100,readv2
7922,readv2
7922000,readv2
7922.11,readv2
7929600,readv2
7A54800,readv2
G330.00,readv2
G330z00,readv2
G33z500,readv2
G33z600,readv2
G33z300,readv2
8B27.00,readv2
32F4.00,readv2
32F3.00,readv2
G33z200,readv2
G330000,readv2
7920y00,readv2
7920,readv2
7920z00,readv2
7920100,readv2
7920000,readv2
7920300,readv2
7920.11,readv2
662K.00,readv2
662Kz00,readv2
662K200,readv2
662K000,readv2
662K100,readv2
7925000,readv2
7926000,readv2
7926,readv2
7926z00,readv2
7926200,readv2
7921z00,readv2
SP07600,readv2
792..11,readv2
7921.11,readv2
7921y00,readv2
7921,readv2
7926300,readv2
7925400,readv2
7925100,readv2
322Z.00,readv2
322..00,readv2
3222,readv2
7923.11,readv2
7923000,readv2
7923z00,readv2
7923300,readv2
7923100,readv2
7923,readv2
33B9500,readv2
3213111,readv2
3213100,readv2
32F2.00,readv2
5543,readv2
5C11.00,readv2
G33z100,readv2
7921200,readv2
7923200,readv2
7920200,readv2
7922200,readv2
7925311,readv2
7925312,readv2
7922y00,readv2
792Cy00,readv2
792Dy00,readv2
I209,readv2
G34y000,readv2
Gyu3000,readv2
I208,readv2
14AJ.00,readv2
7925.11,readv2
7A54500,readv2
7929300,readv2
G33z400,readv2
32450,readv2
G33z700,readv2
26863,readv2
29902,readv2
1414,readv2
28554,readv2
9555,readv2
54535,readv2
15349,readv2
7696,readv2
45960,readv2
15373,readv2
1430,readv2
14782,readv2
25842,readv2
19542,readv2
18125,readv2
20095,readv2
13185,readv2
39546,readv2
24540,readv2
12804,readv2
792C.00,readv2
68139,readv2
42304,readv2
60753,readv2
38813,readv2
33471,readv2
44561,readv2
67761,readv2
37719,readv2
61310,readv2
737,readv2
19046,readv2
22828,readv2
12734,readv2
36011,readv2
72780,readv2
86071,readv2
70185,readv2
93618,readv2
66664,readv2
92927,readv2
5744,readv2
48767,readv2
22647,readv2
18249,readv2
42708,readv2
33718,readv2
7609,readv2
56990,readv2
70755,readv2
11610,readv2
28837,readv2
68123,readv2
34963,readv2
66236,readv2
19413,readv2
7134,readv2
8312,readv2
86773,readv2
18670,readv2
66921,readv2
32651,readv2
5703,readv2
8679,readv2
7137,readv2
61208,readv2
7634,readv2
55598,readv2
45886,readv2
20903,readv2
57241,readv2
41547,readv2
31556,readv2
43939,readv2
96537,readv2
96804,readv2
55092,readv2
22020,readv2
42462,readv2
732,readv2
69776,readv2
59423,readv2
60067,readv2
70111,readv2
64923,readv2
62608,readv2
37682,readv2
10209,readv2
3159,readv2
67591,readv2
31519,readv2
19193,readv2
51515,readv2
85947,readv2
8942,readv2
9414,readv2
51507,readv2
33735,readv2
7442,readv2
92419,readv2
45370,readv2
87849,readv2
19402,readv2
733,readv2
93828,readv2
58135,readv2
5233,readv2
1021,readv2
19827,readv2
1628,readv2
42104,readv2
26973,readv2
26967,readv2
35287,readv2
8246,readv2
46230,readv2
26965,readv2